{
  "hash": "f772d846",
  "configHash": "4f00e823",
  "lockfileHash": "e2296a57",
  "browserHash": "fc756927",
  "optimized": {
    "@angular/core": {
      "src": "../../../../../node_modules/@angular/core/fesm2022/core.mjs",
      "file": "@angular_core.js",
      "fileHash": "49d442dc",
      "needsInterop": false
    },
    "@angular/platform-browser": {
      "src": "../../../../../node_modules/@angular/platform-browser/fesm2022/platform-browser.mjs",
      "file": "@angular_platform-browser.js",
      "fileHash": "e077a900",
      "needsInterop": false
    },
    "@angular/router": {
      "src": "../../../../../node_modules/@angular/router/fesm2022/router.mjs",
      "file": "@angular_router.js",
      "fileHash": "27aa8ff8",
      "needsInterop": false
    }
  },
  "chunks": {
    "chunk-2P6HCSBA": {
      "file": "chunk-2P6HCSBA.js"
    },
    "chunk-ZDDPHS7B": {
      "file": "chunk-ZDDPHS7B.js"
    }
  }
}